cid,iupac_name,smiles_canonical,molecular_formula,hydrogen_bond_acceptors,hydrogen_bond_donors,rotatable_bonds,log_p,molecular_weight,heavy_atom_count,polar_surface_area,atom_surface_coefficient,no_lipinski_violations,cosine_similarity,tanimoto_similarity,combined_75
58026354,N-[6-(thiazol-2-ylcarbamoyl)-1H-benzimidazol-2-yl]isoquinoline-3-carboxamide,C1=CC=C2C=NC(=CC2=C1)C(=O)NC3=NC4=C(N3)C=C(C=C4)C(=O)NC5=NC=CS5,C21H14N6O2S,6,3,4,4.072200000000001,414.089894688,30,112.66,0.2662879460323096,0,0.7738224164625948,0.4090909090909091,0.6826395396196734
58190910,N-[4-butanoyl-6-(4-pyridyl)-1H-benzimidazol-2-yl]isoquinoline-3-carboxamide,CCCC(=O)C1=C2C(=CC(=C1)C3=CC=NC=C3)NC(=N2)NC(=O)C4=CC5=CC=CC=C5C=N4,C26H21N5O2,5,2,6,5.408200000000004,435.169524912,33,100.63,0.3279340157010831,1,0.5367352825460179,0.4057971014492754,0.5040007372718323
155515232,7-methoxy-1-propyl-2-(pyridine-2-carbonylamino)benzimidazole-5-carboxamide,CCCN1C2=C(C=C(C=C2OC)C(=O)N)N=C1NC(=O)C3=CC=CC=N3,C18H19N5O3,6,2,6,2.2011000000000003,353.148789468,26,112.13,0.231873718005886,0,0.5414919868031722,0.34285714285714286,0.4918332758166649
66940374,methyl 2-(isoquinoline-3-carbonylamino)-3H-benzimidazole-5-carboxylate,COC(=O)C1=CC2=C(C=C1)N=C(N2)NC(=O)C3=CC4=CC=CC=C4C=N3,C19H14N4O3,5,2,3,3.1500000000000012,346.106590308,26,96.96999999999998,0.2681241621119934,0,0.7253671140016181,0.45,0.6565253355012136
67891586,N-[6-(3-furyl)-4-[(4-methylsulfinylphenyl)methylcarbamoyl]-1H-benzimidazol-2-yl]isoquinoline-3-carboxamide,CS(=O)C1=CC=C(C=C1)CNC(=O)C2=C3C(=CC(=C2)C4=COC=C4)NC(=N3)NC(=O)C5=CC6=CC=CC=C6C=N5,C30H23N5O4S,6,3,7,5.2908000000000035,549.147075216,40,129.98000000000002,0.3077396522541929,2,0.5959590184311712,0.2976190476190476,0.5213740257281403
174577126,"N-(5,6-dimethyl-1H-benzimidazol-2-yl)pyridine-2-carboxamide",CC1=CC2=C(C=C1C)N=C(N2)NC(=O)C3=CC=CC=N3,C15H14N4O,3,2,2,2.82704,266.116761068,20,70.67,0.2830055186076128,0,0.9869790994475464,0.7555555555555555,0.9291232134745486
155539110,N-(5-carbamoyl-7-methoxy-1-propyl-benzimidazol-2-yl)isoquinoline-1-carboxamide,CCCN1C2=C(C=C(C=C2OC)C(=O)N)N=C1NC(=O)C3=NC=CC4=CC=CC=C43,C22H21N5O3,6,2,6,3.354300000000001,403.164439532,30,112.13,0.2675465976990992,0,0.5303941577546035,0.2222222222222222,0.45335117387150825
49803861,N-(6-phenyl-1H-benzimidazol-2-yl)isoquinoline-3-carboxamide,C1=CC=C(C=C1)C2=CC3=C(C=C2)N=C(N3)NC(=O)C4=CC5=CC=CC=C5C=N4,C23H16N4O,3,2,3,5.030400000000003,364.132411132,28,70.67,0.3962077260506579,1,0.6785217646367426,0.4482758620689655,0.6209602889947983
58026492,N-[4-(1H-imidazol-2-ylcarbamoyl)-6-(trifluoromethyl)-1H-benzimidazol-2-yl]isoquinoline-3-carboxamide,C1=CC=C2C=NC(=CC2=C1)C(=O)NC3=NC4=C(C=C(C=C4N3)C(F)(F)F)C(=O)NC5=NC=CN5,C22H14F3N7O2,5,4,4,4.357600000000001,465.11610734800007,34,128.45000000000002,0.2646944336317633,0,0.8197518447612843,0.35714285714285715,0.7040995978566775
58026451,N-[4-(ethylcarbamoyl)-6-(4-pyridyl)-1H-benzimidazol-2-yl]isoquinoline-3-carboxamide,CCNC(=O)C1=C2C(=CC(=C1)C3=CC=NC=C3)NC(=N2)NC(=O)C4=CC5=CC=CC=C5C=N4,C25H20N6O2,5,3,5,4.175100000000001,436.16477388,33,112.66,0.2929167406355405,0,0.7381822911575766,0.391304347826087,0.6514628053247042
58190870,N-[6-(benzenesulfonylmethyl)-4-[2-(3H-pyrrol-2-yl)acetyl]-1H-benzimidazol-2-yl]isoquinoline-3-carboxamide,C1C=CN=C1CC(=O)C2=C3C(=CC(=C2)CS(=O)(=O)C4=CC=CC=C4)NC(=N3)NC(=O)C5=CC6=CC=CC=C6C=N5,C30H23N5O4S,7,2,8,5.268500000000003,549.147075216,40,134.24,0.2979737783075089,2,0.3944296655910328,0.3048780487804878,0.37204176138839656
58191028,N-[4-[2-(1H-imidazol-2-yl)acetyl]-6-(trifluoromethyl)-1H-benzimidazol-2-yl]isoquinoline-3-carboxamide,C1=CC=C2C=NC(=CC2=C1)C(=O)NC3=NC4=C(C=C(C=C4N3)C(F)(F)F)C(=O)CC5=NC=CN5,C23H15F3N6O2,5,3,5,4.530700000000001,464.1208583800001,34,116.42000000000002,0.2920460401992784,0,0.7138684605838597,0.35135135135135137,0.6232391832757326
58026590,"N-[6-(1,3-benzothiazol-2-ylcarbamoyl)-1H-benzimidazol-2-yl]isoquinoline-3-carboxamide",C1=CC=C2C=NC(=CC2=C1)C(=O)NC3=NC4=C(N3)C=C(C=C4)C(=O)NC5=NC6=CC=CC=C6S5,C25H16N6O2S,6,3,4,5.225400000000001,464.105544752,34,112.66,0.3017930055032842,1,0.7146836311862801,0.38235294117647056,0.6316009586838277
58190814,N-[6-(2-oxo-4-phenyl-butyl)-4-[2-(3H-pyrrol-2-yl)acetyl]-1H-benzimidazol-2-yl]isoquinoline-3-carboxamide,C1C=CN=C1CC(=O)C2=C3C(=CC(=C2)CC(=O)CCC4=CC=CC=C4)NC(=N3)NC(=O)C5=CC6=CC=CC=C6C=N5,C33H27N5O3,6,2,10,6.039000000000004,541.211389724,41,117.17,0.3499189212255696,2,0.3928888872087483,0.30120481927710846,0.3699678702258383
58190696,N-[6-(2-thiazol-2-ylacetyl)-1H-benzimidazol-2-yl]isoquinoline-3-carboxamide,C1=CC=C2C=NC(=CC2=C1)C(=O)NC3=NC4=C(N3)C=C(C=C4)C(=O)CC5=NC=CS5,C22H15N5O2S,6,2,5,4.245300000000002,413.0946457200001,30,100.63,0.2981218324555301,0,0.5672272158756625,0.4117647058823529,0.528361588377335
126737374,"N-[1-[3-(prop-2-enoylamino)phenyl]-5-[[[(1S)-1,2,2-trimethylpropyl]amino]methyl]benzimidazol-2-yl]pyridine-2-carboxamide",CC(C(C)(C)C)NCC1=CC2=C(C=C1)N(C(=N2)NC(=O)C3=CC=CC=N3)C4=CC=CC(=C4)NC(=O)C=C,C29H32N6O2,6,3,8,5.321500000000004,496.258674264,37,100.94,0.3665543887457896,1,0.6294532427266077,0.2857142857142857,0.5435185034735273
58190775,N-[4-[3-(4-methylsulfonylphenyl)propanoyl]-6-(trifluoromethyl)-1H-benzimidazol-2-yl]isoquinoline-3-carboxamide,CS(=O)(=O)C1=CC=C(C=C1)CCC(=O)C2=C3C(=CC(=C2)C(F)(F)F)NC(=N3)NC(=O)C4=CC5=CC=CC=C5C=N4,C28H21F3N4O4S,6,2,7,5.601200000000004,566.123560812,40,121.88,0.3281916639317361,2,0.4080615983710029,0.3291139240506329,0.3883246797909104
166454505,"8-[(4-methylpiperazin-1-yl)methyl]-3,5,12,18,24-pentazatetracyclo[18.3.1.04,12.06,11]tetracosa-1(23),4,6(11),7,9,20(24),21-heptaene-2,19-dione",CN1CCN(CC1)CC2=CC3=C(C=C2)N4CCCCCNC(=O)C5=NC(=CC=C5)C(=O)NC4=N3,C25H31N7O2,7,2,2,2.3446999999999996,461.253923232,34,95.39,0.3564314917706258,0,0.40572213890171227,0.1566265060240964,0.3434482306823083
137921161,N-(5-cyano-1-ethyl-benzimidazol-2-yl)-3-methyl-pyridine-2-carboxamide,CCN1C2=C(C=C(C=C2)C#N)N=C1NC(=O)C3=C(C=CC=N3)C,C17H15N5O,5,1,3,2.8836000000000013,305.12766010000007,23,83.60000000000001,0.2751196172248804,0,0.24926047023717113,0.28169014084507044,0.25736788788914594
58190815,N-[4-(2-cyclopentylacetyl)-6-(4-pyridyl)-1H-benzimidazol-2-yl]isoquinoline-3-carboxamide,C1CCC(C1)CC(=O)C2=C3C(=CC(=C2)C4=CC=NC=C4)NC(=N3)NC(=O)C5=CC6=CC=CC=C6C=N5,C29H25N5O2,5,2,6,6.188400000000005,475.2008250400001,36,100.63,0.3577461989466362,1,0.4967246604457417,0.36486486486486486,0.46375971155052254
58190825,N-[6-phenyl-4-[2-(3H-pyrrol-2-yl)acetyl]-1H-benzimidazol-2-yl]isoquinoline-3-carboxamide,C1C=CN=C1CC(=O)C2=C3C(=CC(=C2)C4=CC=CC=C4)NC(=N3)NC(=O)C5=CC6=CC=CC=C6C=N5,C29H21N5O2,5,2,6,5.961600000000005,471.1695249120001,36,100.1,0.3596403596403596,1,0.49708800266311476,0.32894736842105265,0.4550528441025992
49803862,N-[6-(3-methoxyphenyl)-1H-benzimidazol-2-yl]isoquinoline-3-carboxamide,COC1=CC=CC(=C1)C2=CC3=C(C=C2)N=C(N3)NC(=O)C4=CC5=CC=CC=C5C=N4,C24H18N4O2,4,2,4,5.039000000000003,394.142975816,30,79.89999999999999,0.3754693366708386,1,0.6238991581315226,0.421875,0.573393118598642
155561476,benzyl N-[3-[5-carbamoyl-7-methoxy-2-(quinoline-2-carbonylamino)benzimidazol-1-yl]propyl]carbamate,COC1=CC(=CC2=C1N(C(=N2)NC(=O)C3=NC4=CC=CC=C4C=C3)CCCNC(=O)OCC5=CC=CC=C5)C(=O)N,C30H28N6O5,8,3,10,4.2608000000000015,552.212117996,41,150.46,0.2724976738003456,1,0.5156512569539216,0.2,0.43673844271544116
58724433,N-[4-[(4-methylsulfonylphenyl)methylcarbamoyl]-6-(3-thienyl)-1H-benzimidazol-2-yl]isoquinoline-3-carboxamide,CS(=O)(=O)C1=CC=C(C=C1)CNC(=O)C2=C3C(=CC(=C2)C4=CSC=C4)NC(=N3)NC(=O)C5=CC6=CC=CC=C6C=N5,C30H23N5O4S2,7,3,7,5.425400000000004,581.119146216,41,133.91000000000005,0.3061757897095063,2,0.5668984942139448,0.3132530120481928,0.5034871236725068
166454381,methyl 6-[[1-[5-(tert-butoxycarbonylamino)pentyl]-5-(triisopropylsilyloxymethyl)benzimidazol-2-yl]carbamoyl]pyridine-2-carboxylate,CC(C)[Si](C(C)C)(C(C)C)OCC1=CC2=C(C=C1)N(C(=N2)NC(=O)C3=NC(=CC=C3)C(=O)OC)CCCCCNC(=O)OC(C)(C)C,C35H53N5O6Si,9,2,15,7.857300000000009,667.376510946,47,133.67,0.3516121792474003,2,0.3185837950108828,0.1935483870967742,0.2873249430323557
58190971,N-[6-[2-(3H-indol-2-yl)acetyl]-1H-benzimidazol-2-yl]isoquinoline-3-carboxamide,C1C2=CC=CC=C2N=C1CC(=O)C3=CC4=C(C=C3)N=C(N4)NC(=O)C5=CC6=CC=CC=C6C=N5,C27H19N5O2,5,2,5,5.265000000000004,445.153874848,34,100.1,0.3396603396603396,1,0.533748156679384,0.375,0.494061117509538
91008216,N-(6-methyl-1H-benzimidazol-2-yl)isoquinoline-3-carboxamide,CC1=CC2=C(C=C1)N=C(N2)NC(=O)C3=CC4=CC=CC=C4C=N3,C18H14N4O,3,2,2,3.671820000000001,302.116761068,23,70.67,0.3254563463987547,0,0.8740019430111649,0.5961538461538461,0.8045399187968352
58026422,N-[6-(1H-imidazol-2-ylcarbamoyl)-1H-benzimidazol-2-yl]isoquinoline-3-carboxamide,C1=CC=C2C=NC(=CC2=C1)C(=O)NC3=NC4=C(N3)C=C(C=C4)C(=O)NC5=NC=CN5,C21H15N7O2,5,4,4,3.3388,397.1287227200001,30,128.45000000000002,0.2335539120280264,0,0.8621743170638075,0.43548387096774194,0.7555017055397911
58724448,N-[4-[(4-methylsulfonylphenyl)methylcarbamoyl]-6-propyl-1H-benzimidazol-2-yl]isoquinoline-3-carboxamide,CCCC1=CC(=C2C(=C1)NC(=N2)NC(=O)C3=CC4=CC=CC=C4C=N3)C(=O)NCC5=CC=C(C=C5)S(=O)(=O)C,C29H27N5O4S,6,3,8,4.649400000000003,541.178375344,39,133.91,0.2912403853334329,1,0.584946122441323,0.31645569620253167,0.5178235158816252
58026404,N-[4-[(4-methylsulfonylphenyl)methylcarbamoyl]-6-phenyl-1H-benzimidazol-2-yl]isoquinoline-3-carboxamide,CS(=O)(=O)C1=CC=C(C=C1)CNC(=O)C2=C3C(=CC(=C2)C4=CC=CC=C4)NC(=N3)NC(=O)C5=CC6=CC=CC=C6C=N5,C32H25N5O4S,6,3,7,5.363900000000004,575.16272528,42,133.91000000000005,0.3136434918975431,2,0.5708988496651334,0.32051282051282054,0.5083023423770552
99784040,6-chloro-N-(6-cyano-1-methyl-benzimidazol-2-yl)pyridine-2-carboxamide,CN1C2=C(C=CC(=C2)C#N)N=C1NC(=O)C3=NC(=CC=C3)Cl,C15H10ClN5O,5,1,2,2.745680000000001,311.05738762,22,83.60000000000001,0.2631578947368421,0,0.2465195932481164,0.2878787878787879,0.2568593919057843
58026612,N-[4-(1H-imidazol-2-ylcarbamoyl)-6-methyl-1H-benzimidazol-2-yl]isoquinoline-3-carboxamide,CC1=CC(=C2C(=C1)NC(=N2)NC(=O)C3=CC4=CC=CC=C4C=N3)C(=O)NC5=NC=CN5,C22H17N7O2,5,4,4,3.647220000000001,411.1443727840001,31,128.45000000000002,0.2413390424289606,0,0.8557945572910146,0.4307692307692308,0.7495382256605687
166454308,methyl 6-[[1-[5-(tert-butoxycarbonylamino)pentyl]-5-(hydroxymethyl)benzimidazol-2-yl]carbamoyl]pyridine-2-carboxylate,CC(C)(C)OC(=O)NCCCCCN1C2=C(C=C(C=C2)CO)N=C1NC(=O)C3=NC(=CC=C3)C(=O)OC,C26H33N5O6,9,3,10,3.6575000000000024,511.243083776,37,144.67,0.2557544757033248,1,0.5251241407836867,0.20930232558139536,0.44616868698311385
171447188,"3-[(E)-4-[5-carbamoyl-7-(3-morpholinopropoxy)-2-(pyridine-2-carbonylamino)benzimidazol-1-yl]but-2-enyl]-2-(pyridine-2-carbonylamino)imidazo[4,5-b]pyridine-6-carboxamide",C1COCCN1CCCOC2=CC(=CC3=C2N(C(=N3)NC(=O)C4=CC=CC=N4)CC=CCN5C6=C(C=C(C=N6)C(=O)N)N=C5NC(=O)C7=CC=CC=N7)C(=O)N,C38H38N12O6,14,4,15,2.6309000000000005,758.303726936,56,240.39,0.2329547818128873,2,0.3974297297064047,0.25274725274725274,0.36125911046661674
58191004,N-[4-[3-(4-methylsulfonylphenyl)propanoyl]-6-phenyl-1H-benzimidazol-2-yl]isoquinoline-3-carboxamide,CS(=O)(=O)C1=CC=C(C=C1)CCC(=O)C2=C3C(=CC(=C2)C4=CC=CC=C4)NC(=N3)NC(=O)C5=CC6=CC=CC=C6C=N5,C33H26N4O4S,6,2,8,6.249400000000005,574.1674763120001,42,121.88,0.3446012471283229,2,0.3985801997166737,0.3333333333333333,0.38226848312083855
166454264,methyl 6-[[1-(5-aminopentyl)-5-[(4-methylpiperazin-1-yl)methyl]benzimidazol-2-yl]carbamoyl]pyridine-2-carboxylate,CN1CCN(CC1)CC2=CC3=C(C=C2)N(C(=N3)NC(=O)C4=NC(=CC=C4)C(=O)OC)CCCCCN,C26H35N7O3,9,2,10,2.3466,493.28013798,36,118.61,0.3035157238006913,0,0.28490803715322877,0.21176470588235294,0.2666222043355098
155512778,N-(5-carbamoyl-7-methoxy-1-propyl-benzimidazol-2-yl)quinoline-2-carboxamide,CCCN1C2=C(C=C(C=C2OC)C(=O)N)N=C1NC(=O)C3=NC4=CC=CC=C4C=C3,C22H21N5O3,6,2,6,3.354300000000001,403.164439532,30,112.13,0.2675465976990992,0,0.5303941577546035,0.23076923076923078,0.4554879260082604
170267411,6-(2-formyl-3-hydroxy-phenoxy)-N-[1-(2-hydroxy-2-methyl-propyl)-6-[(4-methylpiperazin-1-yl)methyl]benzimidazol-2-yl]pyridine-2-carboxamide,CC(C)(CN1C2=C(C=CC(=C2)CN3CCN(CC3)C)N=C1NC(=O)C4=NC(=CC=C4)OC5=CC=CC(=C5C=O)O)O,C30H34N6O5,10,3,9,3.5123000000000033,558.259068188,41,133.05,0.3081548290116497,1,0.4790510587890278,0.19148936170212766,0.4071606345173028
67891554,N-[4-[(4-methylsulfinylphenyl)methylcarbamoyl]-6-propyl-1H-benzimidazol-2-yl]isoquinoline-3-carboxamide,CCCC1=CC(=C2C(=C1)NC(=N2)NC(=O)C3=CC4=CC=CC=C4C=N3)C(=O)NCC5=CC=C(C=C5)S(=O)C,C29H27N5O3S,5,3,8,4.983300000000003,525.183460724,38,116.84,0.3252310852447792,1,0.6135232978520484,0.31645569620253167,0.5392563974396692
66940520,2-(isoquinoline-3-carbonylamino)-6-(4-pyridyl)-1H-benzimidazole-4-carboxylic acid,C1=CC=C2C=NC(=CC2=C1)C(=O)NC3=NC4=C(C=C(C=C4N3)C5=CC=NC=C5)C(=O)O,C23H15N5O3,5,3,4,4.123600000000002,409.11748934,31,120.86,0.2564951183187158,0,0.7816093758018131,0.4,0.6862070318513598
166454218,methyl 6-[[1-[5-(tert-butoxycarbonylamino)pentyl]-5-[(4-methylpiperazin-1-yl)methyl]benzimidazol-2-yl]carbamoyl]pyridine-2-carboxylate,CC(C)(C)OC(=O)NCCCCCN1C2=C(C=C(C=C2)CN3CCN(CC3)C)N=C1NC(=O)C4=NC(=CC=C4)C(=O)OC,C31H43N7O5,10,2,11,3.912600000000003,593.3325674760001,43,130.92,0.3284448518179041,1,0.2751101426932922,0.1935483870967742,0.2547197037941627
148328200,N-[6-(3H-indol-2-ylcarbamoyl)-1H-benzimidazol-2-yl]isoquinoline-3-carboxamide,C1C2=CC=CC=C2N=C1NC(=O)C3=CC4=C(C=C3)N=C(N4)NC(=O)C5=CC6=CC=CC=C6C=N5,C26H18N6O2,5,3,3,4.379500000000002,446.149123816,34,112.13,0.3032194773923125,0,0.7411617003589367,0.37142857142857144,0.6487284181263454
58026608,N-[6-(1H-benzimidazol-2-ylcarbamoyl)-1H-benzimidazol-2-yl]isoquinoline-3-carboxamide,C1=CC=C2C=NC(=CC2=C1)C(=O)NC3=NC4=C(N3)C=C(C=C4)C(=O)NC5=NC6=CC=CC=C6N5,C25H17N7O2,5,4,4,4.492000000000002,447.1443727840001,34,128.45000000000002,0.2646944336317633,0,0.8302695289905595,0.46551724137931033,0.7390814570877473
58724415,methyl 2-(isoquinoline-3-carbonylamino)-6-propyl-1H-benzimidazole-4-carboxylate,CCCC1=CC(=C2C(=C1)NC(=N2)NC(=O)C3=CC4=CC=CC=C4C=N3)C(=O)OC,C22H20N4O3,5,2,5,4.102500000000002,388.1535405,29,96.97,0.299061565432608,0,0.6169428617748249,0.36231884057971014,0.5532868564760463
132291604,N-(1-ethyl-5-methyl-benzimidazol-2-yl)-3-(trifluoromethyl)pyridine-2-carboxamide,CCN1C2=C(C=C(C=C2)C)N=C1NC(=O)C3=C(C=CC=N3)C(F)(F)F,C17H15F3N4O,4,1,3,4.030720000000002,348.11979576000004,25,59.81,0.4179903026249791,0,0.2603005316978799,0.3382352941176471,0.27978422230282174
58026472,N-[6-cyano-4-(1H-imidazol-2-ylcarbamoyl)-1H-benzimidazol-2-yl]isoquinoline-3-carboxamide,C1=CC=C2C=NC(=CC2=C1)C(=O)NC3=NC4=C(C=C(C=C4N3)C#N)C(=O)NC5=NC=CN5,C22H14N8O2,6,4,4,3.2104799999999996,422.1239716880001,32,152.23999999999998,0.210194429847609,0,0.8088469153431066,0.37681159420289856,0.7008380850580546
166358998,"N-(5-cyano-1-methyl-benzimidazol-2-yl)-1,3-dimethyl-pyrazolo[3,4-b]pyridine-6-carboxamide",CC1=NN(C2=C1C=CC(=N2)C(=O)NC3=NC4=C(N3C)C=CC(=C4)C#N)C,C18H15N7O,7,1,2,2.2874,345.1338081,26,101.42,0.2563596923683692,0,0.09935990844511408,0.25,0.13701993133383555
88487818,"methyl 6-[(1E)-1-[(Z)-2-aminovinyl]buta-1,3-dienyl]-2-(isoquinoline-3-carbonylamino)-1H-benzimidazole-4-carboxylate",COC(=O)C1=C2C(=CC(=C1)C(=CC=C)C=CN)NC(=N2)NC(=O)C3=CC4=CC=CC=C4C=N3,C25H21N5O3,6,3,6,4.1918000000000015,439.164439532,33,122.99,0.2683144971135864,0,0.7060079846731688,0.32051282051282054,0.6096341936330818
58026554,N-[4-(cyclopentylcarbamoyl)-6-(4-pyridyl)-1H-benzimidazol-2-yl]isoquinoline-3-carboxamide,C1CCC(C1)NC(=O)C2=C3C(=CC(=C2)C4=CC=NC=C4)NC(=N3)NC(=O)C5=CC6=CC=CC=C6C=N5,C28H24N6O2,5,3,5,5.097800000000003,476.196074008,36,112.66,0.3195455352387715,1,0.6938786576690733,0.3561643835616438,0.609450089142216
166454520,6-[[1-(5-aminopentyl)-5-[(4-methylpiperazin-1-yl)methyl]benzimidazol-2-yl]carbamoyl]pyridine-2-carboxylic acid,CN1CCN(CC1)CC2=CC3=C(C=C2)N(C(=N3)NC(=O)C4=NC(=CC=C4)C(=O)O)CCCCCN,C25H33N7O3,8,3,10,2.2582,479.264487916,35,129.61,0.2700408919064887,0,0.5127510344409342,0.21686746987951808,0.4387801433005801
155540142,benzyl N-[3-[5-carbamoyl-7-(3-methoxypropoxy)-2-(pyridine-2-carbonylamino)benzimidazol-1-yl]propyl]carbamate,COCCCOC1=CC(=CC2=C1N(C(=N2)NC(=O)C3=CC=CC=N3)CCCNC(=O)OCC4=CC=CC=C4)C(=O)N,C29H32N6O6,9,3,14,3.5143000000000013,560.238332744,41,159.69000000000003,0.2567474481808504,1,0.43667369226472635,0.2823529411764706,0.39809350449266245
155534270,benzyl N-[3-[5-carbamoyl-7-methoxy-2-(pyridine-2-carbonylamino)benzimidazol-1-yl]propyl]carbamate,COC1=CC(=CC2=C1N(C(=N2)NC(=O)C3=CC=CC=N3)CCCNC(=O)OCC4=CC=CC=C4)C(=O)N,C26H26N6O5,8,3,10,3.1076000000000006,502.196467932,37,150.46,0.2459125348929948,1,0.523695111967599,0.2926829268292683,0.4659420656830163
172439415,"N-[6-cyano-1-(2,2,2-trifluoroethyl)benzimidazol-2-yl]-3,5-difluoro-pyridine-2-carboxamide",C1=CC2=C(C=C1C#N)N(C(=N2)NC(=O)C3=C(C=C(C=N3)F)F)CC(F)(F)F,C16H8F5N5O,5,1,3,3.395780000000001,381.064900976,27,83.60000000000001,0.3229665071770334,0,0.19402841957880065,0.19230769230769232,0.19359823776102356
166454189,methyl 6-[[1-[5-(tert-butoxycarbonylamino)pentyl]-5-formyl-benzimidazol-2-yl]carbamoyl]pyridine-2-carboxylate,CC(C)(C)OC(=O)NCCCCCN1C2=C(C=C(C=C2)C=O)N=C1NC(=O)C3=NC(=CC=C3)C(=O)OC,C26H31N5O6,9,2,10,3.977700000000003,509.227433712,37,141.51,0.2614656208041834,1,0.3489037416058542,0.20689655172413793,0.3134019441354251
58026364,methyl 6-cyano-2-(isoquinoline-3-carbonylamino)-1H-benzimidazole-4-carboxylate,COC(=O)C1=C2C(=CC(=C1)C#N)NC(=N2)NC(=O)C3=CC4=CC=CC=C4C=N3,C20H13N5O3,6,2,3,3.021680000000001,371.101839276,28,120.76,0.2318648559125538,0,0.6058614096764473,0.3939393939393939,0.552880905742184
166363688,"N-(6-cyano-1H-benzimidazol-2-yl)-6-(4-methylpiperazin-1-yl)pyridine-2-carboxamide;2,2,2-trifluoroacetic acid",CN1CCN(CC1)C2=CC=CC(=N2)C(=O)NC3=NC4=C(N3)C=C(C=C4)C#N.C(=O)(C(F)(F)F)O,C21H20F3N7O3,7,3,3,2.4669799999999995,475.15797216,34,138.23999999999998,0.2459490740740741,0,0.6251019754898188,0.3698630136986301,0.5612922350420216
66940413,methyl 2-(isoquinoline-3-carbonylamino)-6-(trifluoromethyl)-1H-benzimidazole-4-carboxylate,COC(=O)C1=C2C(=CC(=C1)C(F)(F)F)NC(=N2)NC(=O)C3=CC4=CC=CC=C4C=N3,C20H13F3N4O3,5,2,3,4.168800000000002,414.093974936,30,96.97,0.3093740332061462,0,0.6110777758546876,0.373134328358209,0.551591913980568
23908379,"methyl 6-[(5,6-dimethyl-1H-benzimidazol-2-yl)carbamoyl]pyridine-3-carboxylate",CC1=CC2=C(C=C1C)N=C(N2)NC(=O)C3=NC=C(C=C3)C(=O)OC,C17H16N4O3,5,2,3,2.61364,324.12224037199996,24,96.97,0.2474992265649169,0,0.7628589858190091,0.47368421052631576,0.6905652919958358
132971696,"N-(5-cyano-1-ethyl-benzimidazol-2-yl)-5,6,7,8-tetrahydroquinoline-2-carboxamide",CCN1C2=C(C=C(C=C2)C#N)N=C1NC(=O)C3=NC4=C(CCCC4)C=C3,C20H19N5O,5,1,3,3.4539800000000023,345.158960228,26,83.60000000000001,0.3110047846889952,0,0.23582564512984444,0.22077922077922077,0.23206403904218853
41766515,N-[1-(2-furylmethyl)-5-(trifluoromethyl)benzimidazol-2-yl]pyridine-2-carboxamide,C1=CC=NC(=C1)C(=O)NC2=NC3=C(N2CC4=CC=CO4)C=CC(=C3)C(F)(F)F,C19H13F3N4O2,5,1,4,4.343700000000002,386.099060316,28,72.95,0.3838245373543523,0,0.22876757351702054,0.3194444444444444,0.2514367912488765
58724414,N-[6-(3-furyl)-4-[(4-methylsulfonylphenyl)methylcarbamoyl]-1H-benzimidazol-2-yl]isoquinoline-3-carboxamide,CS(=O)(=O)C1=CC=C(C=C1)CNC(=O)C2=C3C(=CC(=C2)C4=COC=C4)NC(=N3)NC(=O)C5=CC6=CC=CC=C6C=N5,C30H23N5O5S,7,3,7,4.956900000000003,565.141989836,41,147.05,0.2788167290037402,1,0.5659550942106986,0.2976190476190476,0.49887108256278584
52788618,N-[1-(2-furylmethyl)-5-(trifluoromethyl)benzimidazol-2-yl]isoquinoline-1-carboxamide,C1=CC=C2C(=C1)C=CN=C2C(=O)NC3=NC4=C(N3CC5=CC=CO5)C=CC(=C4)C(F)(F)F,C23H15F3N4O2,5,1,4,5.496900000000002,436.11471038,32,72.95,0.4386566141192597,1,0.2310678063813455,0.2073170731707317,0.22513012307869204
137921158,N-(5-cyano-1-ethyl-benzimidazol-2-yl)pyridine-2-carboxamide,CCN1C2=C(C=C(C=C2)C#N)N=C1NC(=O)C3=CC=CC=N3,C16H13N5O,5,1,3,2.5751800000000005,291.1120100360001,22,83.60000000000001,0.2631578947368421,0,0.23434925735014384,0.3968253968253968,0.2749682922189571
66940584,2-(isoquinoline-3-carbonylamino)-6-(trifluoromethyl)-1H-benzimidazole-4-carboxylic acid,C1=CC=C2C=NC(=CC2=C1)C(=O)NC3=NC4=C(C=C(C=C4N3)C(F)(F)F)C(=O)O,C19H11F3N4O3,4,3,3,4.080400000000001,400.078324872,29,107.97,0.2685931277206631,0,0.8329337106285809,0.36923076923076925,0.717007975279128
174227220,"3-[4-[5-carbamoyl-7-(3-morpholinopropoxy)-2-(pyridine-2-carbonylamino)benzimidazol-1-yl]but-2-enyl]-2-(pyridine-2-carbonylamino)imidazo[4,5-b]pyridine-6-carboxamide",C1COCCN1CCCOC2=CC(=CC3=C2N(C(=N3)NC(=O)C4=CC=CC=N4)CC=CCN5C6=C(C=C(C=N6)C(=O)N)N=C5NC(=O)C7=CC=CC=N7)C(=O)N,C38H38N12O6,14,4,15,2.6309000000000005,758.303726936,56,240.39,0.2329547818128873,2,0.3974297297064047,0.25274725274725274,0.36125911046661674
66940281,2-(isoquinoline-3-carbonylamino)-3H-benzimidazole-5-carboxylic acid,C1=CC=C2C=NC(=CC2=C1)C(=O)NC3=NC4=C(N3)C=C(C=C4)C(=O)O,C18H12N4O3,4,3,3,3.0616000000000003,332.09094024399997,25,107.97,0.2315457997591923,0,0.9050018603576877,0.4482758620689655,0.7908203607855071
58724493,N-[4-(1H-imidazol-2-ylcarbamoyl)-6-(4-pyridyl)-1H-benzimidazol-2-yl]isoquinoline-3-carboxamide,C1=CC=C2C=NC(=CC2=C1)C(=O)NC3=NC4=C(C=C(C=C4N3)C5=CC=NC=C5)C(=O)NC6=NC=CN6,C26H18N8O2,6,4,5,4.400800000000001,474.1552718160001,36,141.34,0.2547049667468515,0,0.7822227776738633,0.37142857142857144,0.6795242261125404
58190884,N-[6-methyl-4-[2-(3H-pyrrol-2-yl)acetyl]-1H-benzimidazol-2-yl]isoquinoline-3-carboxamide,CC1=CC(=C2C(=C1)NC(=N2)NC(=O)C3=CC4=CC=CC=C4C=N3)C(=O)CC5=NC=CC5,C24H19N5O2,5,2,5,4.6030200000000026,409.153874848,31,100.1,0.3096903096903096,0,0.5825464291830456,0.3888888888888889,0.5341320441095064
170421225,"N-(1,5-dimethylbenzimidazol-2-yl)pyridine-2-carboxamide",CC1=CC2=C(C=C1)N(C(=N2)NC(=O)C3=CC=CC=N3)C,C15H14N4O,4,1,2,2.52902,266.116761068,20,59.81,0.3343922420999832,0,0.31065484438228386,0.5686274509803921,0.3751479960318109
167806874,N-(6-isopropyl-1H-benzimidazol-2-yl)-4-(3-oxopiperazin-1-yl)pyridine-2-carboxamide,CC(C)C1=CC2=C(C=C1)N=C(N2)NC(=O)C3=NC=CC(=C3)N4CCNC(=O)C4,C20H22N6O2,5,3,4,2.2698,378.180423944,28,103.01,0.2718182700708669,0,0.7891484874971064,0.38028169014084506,0.686931788158041
66940507,2-(isoquinoline-3-carbonylamino)-6-propyl-1H-benzimidazole-4-carboxylic acid,CCCC1=CC(=C2C(=C1)NC(=N2)NC(=O)C3=CC4=CC=CC=C4C=N3)C(=O)O,C21H18N4O3,4,3,5,4.014100000000002,374.137890436,28,107.97,0.2593312957302954,0,0.8353260354393063,0.373134328358209,0.7197781086690319
155569505,benzyl N-[3-[5-carbamoyl-7-(3-morpholinopropoxy)-2-(pyridine-2-carbonylamino)benzimidazol-1-yl]propyl]carbamate,C1COCCN1CCCOC2=CC(=CC3=C2N(C(=N3)NC(=O)C4=CC=CC=N4)CCCNC(=O)OCC5=CC=CC=C5)C(=O)N,C32H37N7O6,10,3,14,3.200100000000001,615.280531904,45,162.93000000000004,0.2761922297919351,1,0.3893438060388535,0.24731182795698925,0.35383581151838744
172445179,"N-[6-cyano-1-(2,2,2-trifluoroethyl)benzimidazol-2-yl]pyridine-2-carboxamide",C1=CC=NC(=C1)C(=O)NC2=NC3=C(N2CC(F)(F)F)C=C(C=C3)C#N,C16H10F3N5O,5,1,3,3.117580000000001,345.08374460000005,25,83.6,0.2990430622009569,0,0.21637430831300114,0.36363636363636365,0.2531898221438418
168275571,"4-carbamothioyl-N-(1,5-dimethylbenzimidazol-2-yl)pyridine-2-carboxamide",CC1=CC2=C(C=C1)N(C(=N2)NC(=O)C3=NC=CC(=C3)C(=S)N)C,C16H15N5OS,5,2,3,2.16322,325.09973110000004,23,85.83,0.2679715717115228,0,0.7629693731535977,0.38095238095238093,0.6674651251032935
58190737,N-[6-(2-oxo-3-phenyl-propyl)-4-[2-(3H-pyrrol-2-yl)acetyl]-1H-benzimidazol-2-yl]isoquinoline-3-carboxamide,C1C=CN=C1CC(=O)C2=C3C(=CC(=C2)CC(=O)CC4=CC=CC=C4)NC(=N3)NC(=O)C5=CC6=CC=CC=C6C=N5,C32H25N5O3,6,2,9,5.648900000000004,527.1957396600001,40,117.17,0.3413843133907996,2,0.4060408636321881,0.31645569620253167,0.38364457177477396
162562536,"N-[4-(1H-imidazol-2-ylcarbamoyl)-6-(trifluoromethyl)-1H-benzimidazol-2-yl]-5,6-dihydroisoquinoline-3-carboxamide",C1CC2=CC(=NC=C2C=C1)C(=O)NC3=NC4=C(C=C(C=C4N3)C(F)(F)F)C(=O)NC5=NC=CN5,C22H16F3N7O2,5,4,4,4.1638,467.13175741200007,34,128.45000000000002,0.2646944336317633,0,0.8160826615594944,0.275,0.6808119961696207
59300747,"N-(7,7-dimethyl-6-oxo-5-pentyl-1H-pyrrolo[2,3-f]benzimidazol-2-yl)pyridine-2-carboxamide",CCCCCN1C2=CC3=C(C=C2C(C1=O)(C)C)NC(=N3)NC(=O)C4=CC=CC=N4,C22H25N5O2,4,2,6,4.024600000000002,391.20082504,29,90.98,0.3187513739283358,0,0.6037132096393082,0.5,0.5777849072294812
58724501,N-[6-isopropyl-4-[(4-methylsulfonylphenyl)methylcarbamoyl]-1H-benzimidazol-2-yl]isoquinoline-3-carboxamide,CC(C)C1=CC(=C2C(=C1)NC(=N2)NC(=O)C3=CC4=CC=CC=C4C=N3)C(=O)NCC5=CC=C(C=C5)S(=O)(=O)C,C29H27N5O4S,6,3,7,4.820300000000003,541.178375344,39,133.91,0.2912403853334329,1,0.5993747948503249,0.31645569620253167,0.5286450201883766
58190895,"N-[6-[2-(1,3-benzothiazol-2-yl)acetyl]-1H-benzimidazol-2-yl]isoquinoline-3-carboxamide",C1=CC=C2C=NC(=CC2=C1)C(=O)NC3=NC4=C(N3)C=C(C=C4)C(=O)CC5=NC6=CC=CC=C6S5,C26H17N5O2S,6,2,5,5.398500000000003,463.1102957840001,34,100.63,0.3378714101162675,1,0.5122450272613848,0.38571428571428573,0.48061234187461
155526060,benzyl N-[3-[5-carbamoyl-2-(isoquinoline-1-carbonylamino)-7-methoxy-benzimidazol-1-yl]propyl]carbamate,COC1=CC(=CC2=C1N(C(=N2)NC(=O)C3=NC=CC4=CC=CC=C43)CCCNC(=O)OCC5=CC=CC=C5)C(=O)N,C30H28N6O5,8,3,10,4.2608000000000015,552.212117996,41,150.46,0.2724976738003456,1,0.5156512569539216,0.1935483870967742,0.4351255394896347
70323633,"N-[6-(2,3-dihydrofuran-4-yl)-4-[(4-methylsulfonylphenyl)methylcarbamoyl]-1H-benzimidazol-2-yl]isoquinoline-3-carboxamide",CS(=O)(=O)C1=CC=C(C=C1)CNC(=O)C2=C3C(=CC(=C2)C4=COCC4)NC(=N3)NC(=O)C5=CC6=CC=CC=C6C=N5,C30H25N5O5S,7,3,7,4.458100000000003,567.1576399,41,143.14,0.2864328629313958,1,0.5553523499780415,0.28735632183908044,0.48835334294330124
136518786,"N2-(5-cyano-1-ethyl-benzimidazol-2-yl)pyridine-2,5-dicarboxamide",CCN1C2=C(C=C(C=C2)C#N)N=C1NC(=O)C3=NC=C(C=C3)C(=O)N,C17H14N6O2,6,2,4,1.6740799999999998,334.117823688,25,126.69,0.1973320704080827,0,0.5511699151610663,0.24324324324324326,0.4741882471816105
141279216,N-[6-(3-chloro-5-fluoro-phenyl)-1H-benzimidazol-2-yl]pyridine-2-carboxamide,C1=CC=NC(=C1)C(=O)NC2=NC3=C(N2)C=C(C=C3)C4=CC(=CC(=C4)Cl)F,C19H12ClFN4O,3,2,3,4.6697000000000015,366.068366904,26,70.67,0.3679071741898967,0,0.7123673236008152,0.5344827586206896,0.6678961823557839
66940341,6-cyano-2-(isoquinoline-3-carbonylamino)-1H-benzimidazole-4-carboxylic acid,C1=CC=C2C=NC(=CC2=C1)C(=O)NC3=NC4=C(C=C(C=C4N3)C#N)C(=O)O,C19H11N5O3,5,3,3,2.93328,357.086189212,27,131.76,0.2049180327868852,0,0.8246056406939494,0.390625,0.716110480520462
155517625,tert-butyl N-[4-[5-carbamoyl-7-methoxy-2-(pyridine-2-carbonylamino)benzimidazol-1-yl]butyl]carbamate,CC(C)(C)OC(=O)NCCCCN1C2=C(C=C(C=C2OC)C(=O)N)N=C1NC(=O)C3=CC=CC=N3,C24H30N6O5,8,3,9,3.096,482.2277680600001,35,150.45999999999998,0.2326199654393194,0,0.5568176121072256,0.2926829268292683,0.4907839407877363
58724476,N-[4-[(4-methylsulfonylphenyl)methylcarbamoyl]-6-(4-pyridyl)-1H-benzimidazol-2-yl]isoquinoline-3-carboxamide,CS(=O)(=O)C1=CC=C(C=C1)CNC(=O)C2=C3C(=CC(=C2)C4=CC=NC=C4)NC(=N3)NC(=O)C5=CC6=CC=CC=C6C=N5,C31H24N6O4S,7,3,7,4.758900000000003,576.1579742480001,42,146.8,0.2861035422343324,1,0.5507785689830473,0.34177215189873417,0.49852696471196906
166363689,N-(6-cyano-1H-benzimidazol-2-yl)-6-(4-methylpiperazin-1-yl)pyridine-2-carboxamide,CN1CCN(CC1)C2=CC=CC(=N2)C(=O)NC3=NC4=C(N3)C=C(C=C4)C#N,C19H19N7O,6,2,3,1.8336799999999995,361.16510822800007,27,100.94,0.2674856350307113,0,0.5659127544847865,0.4090909090909091,0.5267072931363171
58026459,N-[4-[(4-methylsulfonylphenyl)methylcarbamoyl]-6-(trifluoromethyl)-1H-benzimidazol-2-yl]isoquinoline-3-carboxamide,CS(=O)(=O)C1=CC=C(C=C1)CNC(=O)C2=C3C(=CC(=C2)C(F)(F)F)NC(=N3)NC(=O)C4=CC5=CC=CC=C5C=N4,C27H20F3N5O4S,6,3,6,4.715700000000003,567.11880978,40,133.91000000000005,0.2987080875214696,1,0.5860207587719166,0.31645569620253167,0.5186294931295704
58026405,N-[4-(1H-imidazol-2-ylcarbamoyl)-6-phenyl-1H-benzimidazol-2-yl]isoquinoline-3-carboxamide,C1=CC=C(C=C1)C2=CC(=C3C(=C2)NC(=N3)NC(=O)C4=CC5=CC=CC=C5C=N4)C(=O)NC6=NC=CN6,C27H19N7O2,5,4,5,5.0058000000000025,473.1600228480001,36,128.45000000000002,0.2802646944336317,1,0.8016146225615426,0.36231884057971014,0.6917906770660844
58724462,methyl 2-(isoquinoline-3-carbonylamino)-6-(4-pyridyl)-1H-benzimidazole-4-carboxylate,COC(=O)C1=C2C(=CC(=C1)C3=CC=NC=C3)NC(=N2)NC(=O)C4=CC5=CC=CC=C5C=N4,C24H17N5O3,6,2,4,4.2120000000000015,423.133139404,32,109.86,0.2912798106681231,0,0.5514530183343385,0.40298507462686567,0.5143360324074703
67891558,N-[6-isopropyl-4-[(4-methylsulfinylphenyl)methylcarbamoyl]-1H-benzimidazol-2-yl]isoquinoline-3-carboxamide,CC(C)C1=CC(=C2C(=C1)NC(=N2)NC(=O)C3=CC4=CC=CC=C4C=N3)C(=O)NCC5=CC=C(C=C5)S(=O)C,C29H27N5O3S,5,3,7,5.154200000000004,525.183460724,38,116.84,0.3252310852447792,2,0.628481935511303,0.31645569620253167,0.5504753756841102
43057409,4-chloro-N-[1-(2-furylmethyl)-5-(trifluoromethyl)benzimidazol-2-yl]pyridine-2-carboxamide,C1=COC(=C1)CN2C3=C(C=C(C=C3)C(F)(F)F)N=C2NC(=O)C4=NC=CC(=C4)Cl,C19H12ClF3N4O2,5,1,4,4.997100000000002,420.060087964,29,72.95,0.3975325565455792,0,0.2357771772184304,0.24358974358974358,0.2377303188112587
